[
    {
      "id": 1,
      "priority": 1,
      "action": {
        "type": "block"
      },
      "condition": {
        "urlFilter": "*",
        "resourceTypes": ["main_frame", "sub_frame"]
      }
    },
    {
      "id": 2,
      "priority": 1,
      "action": {
        "type": "allow"
      },
      "condition": {
        "urlFilter": "http://127.0.0.1:5000/*",
        "resourceTypes": ["main_frame", "sub_frame"]
      }
    },
    {
      "id": 3,
      "priority": 1,
      "action": {
        "type": "allow"
      },
      "condition": {
        "urlFilter": "chrome-extension://*",
        "resourceTypes": ["main_frame", "sub_frame"]
      }
    }
  ]
  